count,mean,std,min,25%,50%,75%,max
123.0,0.7317073170731707,0.3344476908230064,0.0,0.5,1.0,1.0,1.0
